rank,model_id,strict_auto_accuracy,resolved_accuracy,coverage,unknown_rate,asr_disagreement_rate,total_auto_evaluable_targets,correct,wrong,unknown,optional_targets_excluded
1,volcengine_tts,0.879032,0.962472,0.913306,0.086694,0.362903,992,872,34,86,16
2,azure_speech_tts,0.756048,1.0,0.756048,0.243952,0.377016,992,750,0,242,16
3,google_cloud_tts,0.603831,0.701405,0.860887,0.139113,0.449597,992,599,255,138,16
4,minimax_tts,0.548387,0.645314,0.849798,0.150202,0.464718,992,544,299,149,16
5,aliyun_tts,0.471774,0.884688,0.533266,0.466734,0.358871,992,468,61,463,16
6,mimo,0.275202,0.438202,0.628024,0.371976,0.445565,992,273,350,369,16
7,aws_polly,0.243952,0.428319,0.569556,0.430444,0.462702,992,242,323,427,16
